﻿,GALLUP,,,,,,,,,,,,,,,,,,,,,,,,
,"Copyright © 2019 Gallup, Inc. All rights reserved. The information contained in this document may only be used for noncommercial personal use and is subject to Gallup’s Terms of Use.",,,,,,,,,,,,,,,,,,,,,,,,
,,,,,,,,,,,,,,,,,,,,,,,,,
,Short Text:,Lesbian/Gay/Bisexual/Transgender,,,,,,,,,,,,,,,,,,,,,,,
,Long Text:,"I have one final question we are asking only for statistical purposes. Do you, personally, identify as lesbian, gay, bisexual, or transgender?",,,,,,,,,,,,,,,,,,,,,,,
,Data Source:,U.S. Dailies,,,,,,,,,,,,,,,,,,,,,,,
,,,,,,,,,,,,,,,,,,,,,,,,,
,Geography,Time,Demographic,Demographic Value,"Yes, do","No, do not",DK/RF,N Size,,,,,,,,,,,,,,,,,
,Alabama,2016,Aggregate,Aggregate,0.030333673,0.912023996,0.057642331,"5,971",,,,,,,,,,,,,,,,,
,Alabama,2015,Aggregate,Aggregate,0.029552398,0.90751476,0.062932842,"6,162",,,,,,,,,,,,,,,,,
,Alabama,2014,Aggregate,Aggregate,0.025194329,0.898333908,0.076471763,"6,146",,,,,,,,,,,,,,,,,
,Alabama,2013,Aggregate,Aggregate,0.023514836,0.913477676,0.063007489,"4,425",,,,,,,,,,,,,,,,,
,Alabama,2012,Aggregate,Aggregate,0.027688512,0.925371155,0.046940333,"3,603",,,,,,,,,,,,,,,,,
,Alaska,2016,Aggregate,Aggregate,0.030219066,0.916674671,0.053106263,"1,112",,,,,,,,,,,,,,,,,
,Alaska,2015,Aggregate,Aggregate,0.031911136,0.936175437,0.031913427,"1,113",,,,,,,,,,,,,,,,,
,Alaska,2014,Aggregate,Aggregate,0.043477843,0.905977557,0.0505446,"1,102",,,,,,,,,,,,,,,,,
,Alaska,2013,Aggregate,Aggregate,0.034789487,0.906273023,0.05893749,886,,,,,,,,,,,,,,,,,
,Alaska,2012,Aggregate,Aggregate,0.033657403,0.938040128,0.028302469,613,,,,,,,,,,,,,,,,,
,Arizona,2016,Aggregate,Aggregate,0.041605132,0.909545746,0.048849122,"8,805",,,,,,,,,,,,,,,,,
,Arizona,2015,Aggregate,Aggregate,0.039189416,0.90745955,0.053351034,"8,597",,,,,,,,,,,,,,,,,
,Arizona,2014,Aggregate,Aggregate,0.037155133,0.905527784,0.057317083,"8,800",,,,,,,,,,,,,,,,,
,Arizona,2013,Aggregate,Aggregate,0.039083503,0.912353078,0.048563419,"5,899",,,,,,,,,,,,,,,,,
,Arizona,2012,Aggregate,Aggregate,0.039218971,0.927999178,0.032781852,"4,793",,,,,,,,,,,,,,,,,
,Arkansas,2016,Aggregate,Aggregate,0.028179423,0.918874918,0.052945659,"3,940",,,,,,,,,,,,,,,,,
,Arkansas,2015,Aggregate,Aggregate,0.030454913,0.91269815,0.056846937,"3,998",,,,,,,,,,,,,,,,,
,Arkansas,2014,Aggregate,Aggregate,0.037799391,0.897106753,0.065093856,"4,141",,,,,,,,,,,,,,,,,
,Arkansas,2013,Aggregate,Aggregate,0.026322702,0.901420409,0.072256889,"2,949",,,,,,,,,,,,,,,,,
,Arkansas,2012,Aggregate,Aggregate,0.034632551,0.931004896,0.034362553,"2,165",,,,,,,,,,,,,,,,,
,California,2016,Aggregate,Aggregate,0.050566411,0.894309473,0.055124116,"34,757",,,,,,,,,,,,,,,,,
,California,2015,Aggregate,Aggregate,0.047478326,0.900693246,0.051828429,"34,710",,,,,,,,,,,,,,,,,
,California,2014,Aggregate,Aggregate,0.044061449,0.896406124,0.059532427,"34,338",,,,,,,,,,,,,,,,,
,California,2013,Aggregate,Aggregate,0.041805664,0.900983838,0.057210498,"26,171",,,,,,,,,,,,,,,,,
,California,2012,Aggregate,Aggregate,0.040202398,0.919280162,0.04051744,"18,636",,,,,,,,,,,,,,,,,
,Colorado,2016,Aggregate,Aggregate,0.043350449,0.911369529,0.045280023,"7,018",,,,,,,,,,,,,,,,,
,Colorado,2015,Aggregate,Aggregate,0.043518787,0.911223696,0.045257517,"6,826",,,,,,,,,,,,,,,,,
,Colorado,2014,Aggregate,Aggregate,0.044667144,0.901990537,0.053342319,"6,815",,,,,,,,,,,,,,,,,
,Colorado,2013,Aggregate,Aggregate,0.039023865,0.919486014,0.04149012,"5,173",,,,,,,,,,,,,,,,,
,Colorado,2012,Aggregate,Aggregate,0.031516939,0.932437391,0.03604567,"4,400",,,,,,,,,,,,,,,,,
,Connecticut,2016,Aggregate,Aggregate,0.03318726,0.920242346,0.046570394,"4,074",,,,,,,,,,,,,,,,,
,Connecticut,2015,Aggregate,Aggregate,0.036107807,0.911314153,0.05257804,"3,910",,,,,,,,,,,,,,,,,
,Connecticut,2014,Aggregate,Aggregate,0.038201389,0.904907779,0.056890832,"4,135",,,,,,,,,,,,,,,,,
,Connecticut,2013,Aggregate,Aggregate,0.041010849,0.898776019,0.060213131,"3,049",,,,,,,,,,,,,,,,,
,Connecticut,2012,Aggregate,Aggregate,0.033762932,0.934798559,0.031438508,"2,306",,,,,,,,,,,,,,,,,
,Delaware,2016,Aggregate,Aggregate,0.049941036,0.890061575,0.059997389,970,,,,,,,,,,,,,,,,,
,Delaware,2015,Aggregate,Aggregate,0.044682661,0.900799639,0.0545177,"1,006",,,,,,,,,,,,,,,,,
,Delaware,2014,Aggregate,Aggregate,0.045363237,0.900320305,0.054316458,"1,045",,,,,,,,,,,,,,,,,
,Delaware,2013,Aggregate,Aggregate,0.041144177,0.902180977,0.056674846,789,,,,,,,,,,,,,,,,,
,Delaware,2012,Aggregate,Aggregate,0.03367325,0.92890423,0.03742252,668,,,,,,,,,,,,,,,,,
,District of Columbia,2016,Aggregate,Aggregate,0.086984026,0.858167778,0.054848196,906,,,,,,,,,,,,,,,,,
,District of Columbia,2015,Aggregate,Aggregate,0.08501534,0.846170168,0.068814492,840,,,,,,,,,,,,,,,,,
,District of Columbia,2014,Aggregate,Aggregate,0.084641524,0.823254555,0.092103921,800,,,,,,,,,,,,,,,,,
,District of Columbia,2013,Aggregate,Aggregate,0.068358274,0.875235064,0.056406662,672,,,,,,,,,,,,,,,,,
,District of Columbia,2012,Aggregate,Aggregate,0.099761838,0.880177997,0.020060166,493,,,,,,,,,,,,,,,,,
,Florida,2016,Aggregate,Aggregate,0.042026127,0.898069414,0.059904459,"21,663",,,,,,,,,,,,,,,,,
,Florida,2015,Aggregate,Aggregate,0.04287191,0.899707007,0.057421084,"20,942",,,,,,,,,,,,,,,,,
,Florida,2014,Aggregate,Aggregate,0.038858246,0.894314848,0.066826906,"20,341",,,,,,,,,,,,,,,,,
,Florida,2013,Aggregate,Aggregate,0.03982877,0.898866752,0.061304478,"14,931",,,,,,,,,,,,,,,,,
,Florida,2012,Aggregate,Aggregate,0.034976219,0.918735321,0.046288461,"11,286",,,,,,,,,,,,,,,,,
,Georgia,2016,Aggregate,Aggregate,0.039139846,0.903287049,0.057573106,"10,591",,,,,,,,,,,,,,,,,
,Georgia,2015,Aggregate,Aggregate,0.039322667,0.900646388,0.060030945,"10,436",,,,,,,,,,,,,,,,,
,Georgia,2014,Aggregate,Aggregate,0.043923773,0.885579038,0.070497188,"10,705",,,,,,,,,,,,,,,,,
,Georgia,2013,Aggregate,Aggregate,0.033890205,0.910637459,0.055472335,"7,799",,,,,,,,,,,,,,,,,
,Georgia,2012,Aggregate,Aggregate,0.035033752,0.920770547,0.044195701,"6,246",,,,,,,,,,,,,,,,,
,Hawaii,2016,Aggregate,Aggregate,0.032895722,0.909369268,0.05773501,"1,085",,,,,,,,,,,,,,,,,
,Hawaii,2015,Aggregate,Aggregate,0.04609603,0.905892669,0.048011302,"1,036",,,,,,,,,,,,,,,,,
,Hawaii,2014,Aggregate,Aggregate,0.040117785,0.899519441,0.060362774,"1,120",,,,,,,,,,,,,,,,,
,Hawaii,2013,Aggregate,Aggregate,0.047250597,0.889751797,0.062997607,896,,,,,,,,,,,,,,,,,
,Hawaii,2012,Aggregate,Aggregate,0.051075255,0.916548595,0.032376151,643,,,,,,,,,,,,,,,,,
,Idaho,2016,Aggregate,Aggregate,0.026050259,0.928674894,0.045274847,"2,412",,,,,,,,,,,,,,,,,
,Idaho,2015,Aggregate,Aggregate,0.029114522,0.930957045,0.039928432,"2,446",,,,,,,,,,,,,,,,,
,Idaho,2014,Aggregate,Aggregate,0.019429548,0.932762516,0.047807936,"2,672",,,,,,,,,,,,,,,,,
,Idaho,2013,Aggregate,Aggregate,0.018056189,0.938623713,0.043320099,"1,847",,,,,,,,,,,,,,,,,
,Idaho,2012,Aggregate,Aggregate,0.027054585,0.944217501,0.028727915,"1,581",,,,,,,,,,,,,,,,,
,Illinois,2016,Aggregate,Aggregate,0.042398099,0.904045949,0.053555952,"11,026",,,,,,,,,,,,,,,,,
,Illinois,2015,Aggregate,Aggregate,0.036786176,0.907319634,0.05589419,"11,173",,,,,,,,,,,,,,,,,
,Illinois,2014,Aggregate,Aggregate,0.032328938,0.898188582,0.06948248,"11,294",,,,,,,,,,,,,,,,,
,Illinois,2013,Aggregate,Aggregate,0.037068834,0.906629984,0.056301182,"8,983",,,,,,,,,,,,,,,,,
,Illinois,2012,Aggregate,Aggregate,0.037647625,0.920382525,0.04196985,"7,038",,,,,,,,,,,,,,,,,
,Indiana,2016,Aggregate,Aggregate,0.044615804,0.911151136,0.04423306,"7,741",,,,,,,,,,,,,,,,,
,Indiana,2015,Aggregate,Aggregate,0.036919873,0.912020999,0.051059127,"7,901",,,,,,,,,,,,,,,,,
,Indiana,2014,Aggregate,Aggregate,0.041193255,0.906866686,0.051940059,"7,896",,,,,,,,,,,,,,,,,
,Indiana,2013,Aggregate,Aggregate,0.037410569,0.913125803,0.049463628,"6,092",,,,,,,,,,,,,,,,,
,Indiana,2012,Aggregate,Aggregate,0.037159142,0.919117959,0.043722899,"4,947",,,,,,,,,,,,,,,,,
,Iowa,2016,Aggregate,Aggregate,0.029364378,0.930961969,0.039673653,"4,102",,,,,,,,,,,,,,,,,
,Iowa,2015,Aggregate,Aggregate,0.034548606,0.911145881,0.054305513,"3,962",,,,,,,,,,,,,,,,,
,Iowa,2014,Aggregate,Aggregate,0.034140489,0.912917411,0.052942099,"4,079",,,,,,,,,,,,,,,,,
,Iowa,2013,Aggregate,Aggregate,0.026996479,0.928996907,0.044006614,"3,368",,,,,,,,,,,,,,,,,
,Iowa,2012,Aggregate,Aggregate,0.028263753,0.934118781,0.037617466,"2,692",,,,,,,,,,,,,,,,,
,Kansas,2016,Aggregate,Aggregate,0.030605865,0.933597746,0.03579639,"3,533",,,,,,,,,,,,,,,,,
,Kansas,2015,Aggregate,Aggregate,0.031763515,0.925354641,0.042881845,"3,491",,,,,,,,,,,,,,,,,
,Kansas,2014,Aggregate,Aggregate,0.03124933,0.916917298,0.051833372,"3,411",,,,,,,,,,,,,,,,,
,Kansas,2013,Aggregate,Aggregate,0.025335247,0.936376577,0.038288176,"2,810",,,,,,,,,,,,,,,,,
,Kansas,2012,Aggregate,Aggregate,0.037064087,0.936252858,0.026683055,"2,174",,,,,,,,,,,,,,,,,
,Kentucky,2016,Aggregate,Aggregate,0.031642482,0.91622331,0.052134208,"5,364",,,,,,,,,,,,,,,,,
,Kentucky,2015,Aggregate,Aggregate,0.033825332,0.911135754,0.055038914,"5,440",,,,,,,,,,,,,,,,,
,Kentucky,2014,Aggregate,Aggregate,0.039760878,0.894806037,0.065433085,"5,792",,,,,,,,,,,,,,,,,
,Kentucky,2013,Aggregate,Aggregate,0.035321162,0.910619547,0.054059291,"4,093",,,,,,,,,,,,,,,,,
,Kentucky,2012,Aggregate,Aggregate,0.039332817,0.92374531,0.036921872,"3,415",,,,,,,,,,,,,,,,,
,Louisiana,2016,Aggregate,Aggregate,0.039920209,0.902980995,0.057098796,"4,835",,,,,,,,,,,,,,,,,
,Louisiana,2015,Aggregate,Aggregate,0.034580686,0.909163666,0.056255648,"5,123",,,,,,,,,,,,,,,,,
,Louisiana,2014,Aggregate,Aggregate,0.041043425,0.881094089,0.077862485,"5,127",,,,,,,,,,,,,,,,,
,Louisiana,2013,Aggregate,Aggregate,0.021958286,0.896847746,0.081193968,"3,868",,,,,,,,,,,,,,,,,
,Louisiana,2012,Aggregate,Aggregate,0.032235694,0.903650114,0.064114192,"2,888",,,,,,,,,,,,,,,,,
,Maine,2016,Aggregate,Aggregate,0.048006689,0.898981158,0.053012153,"1,935",,,,,,,,,,,,,,,,,
,Maine,2015,Aggregate,Aggregate,0.041207308,0.909367355,0.049425338,"2,159",,,,,,,,,,,,,,,,,
,Maine,2014,Aggregate,Aggregate,0.032375529,0.915950664,0.051673806,"2,202",,,,,,,,,,,,,,,,,
,Maine,2013,Aggregate,Aggregate,0.037727236,0.900487961,0.061784803,"1,650",,,,,,,,,,,,,,,,,
,Maine,2012,Aggregate,Aggregate,0.048103413,0.910847344,0.041049243,"1,286",,,,,,,,,,,,,,,,,
,Maryland,2016,Aggregate,Aggregate,0.039276555,0.913367312,0.047356133,"6,405",,,,,,,,,,,,,,,,,
,Maryland,2015,Aggregate,Aggregate,0.038043,0.912144072,0.049812929,"6,127",,,,,,,,,,,,,,,,,
,Maryland,2014,Aggregate,Aggregate,0.037236175,0.903833183,0.058930642,"6,265",,,,,,,,,,,,,,,,,
,Maryland,2013,Aggregate,Aggregate,0.041206935,0.904101241,0.054691824,"4,855",,,,,,,,,,,,,,,,,
,Maryland,2012,Aggregate,Aggregate,0.032643828,0.930203649,0.037152523,"4,195",,,,,,,,,,,,,,,,,
,Massachusetts,2016,Aggregate,Aggregate,0.050056553,0.894024288,0.055919158,"7,728",,,,,,,,,,,,,,,,,
,Massachusetts,2015,Aggregate,Aggregate,0.047803084,0.899630907,0.052566009,"7,465",,,,,,,,,,,,,,,,,
,Massachusetts,2014,Aggregate,Aggregate,0.045610944,0.889522824,0.064866232,"7,286",,,,,,,,,,,,,,,,,
,Massachusetts,2013,Aggregate,Aggregate,0.04574128,0.905724993,0.048533728,"5,675",,,,,,,,,,,,,,,,,
,Massachusetts,2012,Aggregate,Aggregate,0.043873409,0.913226308,0.042900283,"4,253",,,,,,,,,,,,,,,,,
,Michigan,2016,Aggregate,Aggregate,0.038921454,0.905541474,0.055537072,"9,858",,,,,,,,,,,,,,,,,
,Michigan,2015,Aggregate,Aggregate,0.037408088,0.904208395,0.058383517,"10,002",,,,,,,,,,,,,,,,,
,Michigan,2014,Aggregate,Aggregate,0.036336129,0.895551379,0.068112491,"9,851",,,,,,,,,,,,,,,,,
,Michigan,2013,Aggregate,Aggregate,0.034177951,0.908572119,0.057249931,"7,732",,,,,,,,,,,,,,,,,
,Michigan,2012,Aggregate,Aggregate,0.03805676,0.921087445,0.040855795,"5,913",,,,,,,,,,,,,,,,,
,Minnesota,2016,Aggregate,Aggregate,0.045942588,0.912519203,0.041538209,"6,668",,,,,,,,,,,,,,,,,
,Minnesota,2015,Aggregate,Aggregate,0.034349333,0.920801541,0.044849126,"6,508",,,,,,,,,,,,,,,,,
,Minnesota,2014,Aggregate,Aggregate,0.039048401,0.907879035,0.053072564,"6,579",,,,,,,,,,,,,,,,,
,Minnesota,2013,Aggregate,Aggregate,0.031962367,0.918966884,0.049070749,"5,378",,,,,,,,,,,,,,,,,
,Minnesota,2012,Aggregate,Aggregate,0.029159697,0.934279696,0.036560607,"4,365",,,,,,,,,,,,,,,,,
,Mississippi,2016,Aggregate,Aggregate,0.031578544,0.904286935,0.064134521,"3,337",,,,,,,,,,,,,,,,,
,Mississippi,2015,Aggregate,Aggregate,0.031534286,0.894728561,0.073737153,"3,418",,,,,,,,,,,,,,,,,
,Mississippi,2014,Aggregate,Aggregate,0.027222621,0.898307951,0.074469428,"3,628",,,,,,,,,,,,,,,,,
,Mississippi,2013,Aggregate,Aggregate,0.024375133,0.892223861,0.083401006,"2,668",,,,,,,,,,,,,,,,,
,Mississippi,2012,Aggregate,Aggregate,0.025375303,0.925482529,0.049142168,"1,892",,,,,,,,,,,,,,,,,
,Missouri,2016,Aggregate,Aggregate,0.035805311,0.918456835,0.045737855,"6,793",,,,,,,,,,,,,,,,,
,Missouri,2015,Aggregate,Aggregate,0.032539877,0.919258402,0.04820172,"6,839",,,,,,,,,,,,,,,,,
,Missouri,2014,Aggregate,Aggregate,0.032006748,0.90785891,0.060134342,"7,089",,,,,,,,,,,,,,,,,
,Missouri,2013,Aggregate,Aggregate,0.032992918,0.914107363,0.052899719,"5,400",,,,,,,,,,,,,,,,,
,Missouri,2012,Aggregate,Aggregate,0.032990603,0.925470467,0.041538931,"4,219",,,,,,,,,,,,,,,,,
,Montana,2016,Aggregate,Aggregate,0.028183802,0.932983345,0.038832853,"2,160",,,,,,,,,,,,,,,,,
,Montana,2015,Aggregate,Aggregate,0.030091448,0.932338374,0.037570178,"2,075",,,,,,,,,,,,,,,,,
,Montana,2014,Aggregate,Aggregate,0.020833938,0.938537096,0.040628966,"1,996",,,,,,,,,,,,,,,,,
,Montana,2013,Aggregate,Aggregate,0.031743475,0.928813598,0.039442927,"1,451",,,,,,,,,,,,,,,,,
,Montana,2012,Aggregate,Aggregate,0.025616278,0.948315382,0.026068341,"1,329",,,,,,,,,,,,,,,,,
,Nebraska,2016,Aggregate,Aggregate,0.036712721,0.914447413,0.048839866,"2,864",,,,,,,,,,,,,,,,,
,Nebraska,2015,Aggregate,Aggregate,0.034056147,0.92350849,0.042435363,"2,782",,,,,,,,,,,,,,,,,
,Nebraska,2014,Aggregate,Aggregate,0.030972571,0.921979158,0.04704827,"2,622",,,,,,,,,,,,,,,,,
,Nebraska,2013,Aggregate,Aggregate,0.020798173,0.924203706,0.054998121,"2,066",,,,,,,,,,,,,,,,,
,Nebraska,2012,Aggregate,Aggregate,0.027424463,0.929090065,0.043485472,"1,592",,,,,,,,,,,,,,,,,
,Nevada,2016,Aggregate,Aggregate,0.046597642,0.900909968,0.05249239,"2,905",,,,,,,,,,,,,,,,,
,Nevada,2015,Aggregate,Aggregate,0.048124294,0.904774708,0.047100998,"2,983",,,,,,,,,,,,,,,,,
,Nevada,2014,Aggregate,Aggregate,0.04429503,0.900672106,0.055032864,"2,978",,,,,,,,,,,,,,,,,
,Nevada,2013,Aggregate,Aggregate,0.035570228,0.900725878,0.063703894,"2,197",,,,,,,,,,,,,,,,,
,Nevada,2012,Aggregate,Aggregate,0.041714255,0.922317479,0.035968266,"1,493",,,,,,,,,,,,,,,,,
,New Hampshire,2016,Aggregate,Aggregate,0.051166232,0.905255347,0.043578421,"1,461",,,,,,,,,,,,,,,,,
,New Hampshire,2015,Aggregate,Aggregate,0.044586354,0.914042626,0.04137102,"1,668",,,,,,,,,,,,,,,,,
,New Hampshire,2014,Aggregate,Aggregate,0.037455504,0.90937143,0.053173065,"1,747",,,,,,,,,,,,,,,,,
,New Hampshire,2013,Aggregate,Aggregate,0.036531384,0.927895468,0.035573148,"1,364",,,,,,,,,,,,,,,,,
,New Hampshire,2012,Aggregate,Aggregate,0.036810991,0.907383304,0.055805705,"1,009",,,,,,,,,,,,,,,,,
,New Jersey,2016,Aggregate,Aggregate,0.033939086,0.907423799,0.058637114,"9,231",,,,,,,,,,,,,,,,,
,New Jersey,2015,Aggregate,Aggregate,0.038256224,0.904901409,0.056842367,"9,344",,,,,,,,,,,,,,,,,
,New Jersey,2014,Aggregate,Aggregate,0.032476464,0.898357061,0.069166475,"9,083",,,,,,,,,,,,,,,,,
,New Jersey,2013,Aggregate,Aggregate,0.031295393,0.910702805,0.058001802,"7,023",,,,,,,,,,,,,,,,,
,New Jersey,2012,Aggregate,Aggregate,0.037003807,0.913109384,0.049886809,"4,999",,,,,,,,,,,,,,,,,
,New Mexico,2016,Aggregate,Aggregate,0.049586995,0.900004441,0.050408564,"2,894",,,,,,,,,,,,,,,,,
,New Mexico,2015,Aggregate,Aggregate,0.034999498,0.915943333,0.049057169,"2,896",,,,,,,,,,,,,,,,,
,New Mexico,2014,Aggregate,Aggregate,0.040300564,0.901092452,0.058606983,"3,005",,,,,,,,,,,,,,,,,
,New Mexico,2013,Aggregate,Aggregate,0.041716605,0.9071432,0.051140195,"2,204",,,,,,,,,,,,,,,,,
,New Mexico,2012,Aggregate,Aggregate,0.028613326,0.931346365,0.04004031,"1,861",,,,,,,,,,,,,,,,,
,New York,2016,Aggregate,Aggregate,0.04672741,0.894802463,0.058470127,"20,755",,,,,,,,,,,,,,,,,
,New York,2015,Aggregate,Aggregate,0.044233546,0.89161432,0.064152134,"20,448",,,,,,,,,,,,,,,,,
,New York,2014,Aggregate,Aggregate,0.041522658,0.87928698,0.079190362,"19,734",,,,,,,,,,,,,,,,,
,New York,2013,Aggregate,Aggregate,0.040133516,0.890514256,0.069352228,"14,890",,,,,,,,,,,,,,,,,
,New York,2012,Aggregate,Aggregate,0.037624153,0.91202769,0.050348157,"9,917",,,,,,,,,,,,,,,,,
,North Carolina,2016,Aggregate,Aggregate,0.036759441,0.903928779,0.05931178,"11,573",,,,,,,,,,,,,,,,,
,North Carolina,2015,Aggregate,Aggregate,0.032696019,0.915087954,0.052216027,"11,596",,,,,,,,,,,,,,,,,
,North Carolina,2014,Aggregate,Aggregate,0.032632248,0.90296307,0.064404682,"11,565",,,,,,,,,,,,,,,,,
,North Carolina,2013,Aggregate,Aggregate,0.031170912,0.909167781,0.059661307,"8,700",,,,,,,,,,,,,,,,,
,North Carolina,2012,Aggregate,Aggregate,0.032589146,0.918298865,0.049111989,"7,175",,,,,,,,,,,,,,,,,
,North Dakota,2016,Aggregate,Aggregate,0.027021071,0.927754035,0.045224895,"1,081",,,,,,,,,,,,,,,,,
,North Dakota,2015,Aggregate,Aggregate,0.027626071,0.939153476,0.033220453,998,,,,,,,,,,,,,,,,,
,North Dakota,2014,Aggregate,Aggregate,0.031291395,0.913123766,0.055584839,946,,,,,,,,,,,,,,,,,
,North Dakota,2013,Aggregate,Aggregate,0.011303897,0.93957199,0.049124113,806,,,,,,,,,,,,,,,,,
,North Dakota,2012,Aggregate,Aggregate,0.017077879,0.937270992,0.045651129,615,,,,,,,,,,,,,,,,,
,Ohio,2016,Aggregate,Aggregate,0.038651184,0.911864231,0.049484585,"12,786",,,,,,,,,,,,,,,,,
,Ohio,2015,Aggregate,Aggregate,0.037715002,0.913287217,0.048997781,"12,749",,,,,,,,,,,,,,,,,
,Ohio,2014,Aggregate,Aggregate,0.0349053,0.906194076,0.058900624,"12,693",,,,,,,,,,,,,,,,,
,Ohio,2013,Aggregate,Aggregate,0.034759143,0.91874852,0.046492338,"9,540",,,,,,,,,,,,,,,,,
,Ohio,2012,Aggregate,Aggregate,0.036494781,0.924662154,0.038843065,"7,543",,,,,,,,,,,,,,,,,
,Oklahoma,2016,Aggregate,Aggregate,0.034150322,0.913966782,0.051882896,"5,387",,,,,,,,,,,,,,,,,
,Oklahoma,2015,Aggregate,Aggregate,0.034968007,0.918498517,0.046533476,"5,302",,,,,,,,,,,,,,,,,
,Oklahoma,2014,Aggregate,Aggregate,0.040745192,0.902758232,0.056496575,"5,612",,,,,,,,,,,,,,,,,
,Oklahoma,2013,Aggregate,Aggregate,0.027670541,0.915374127,0.056955332,"4,098",,,,,,,,,,,,,,,,,
,Oklahoma,2012,Aggregate,Aggregate,0.033548926,0.921254739,0.045196335,"3,060",,,,,,,,,,,,,,,,,
,Oregon,2016,Aggregate,Aggregate,0.051358105,0.910636457,0.038005438,"5,903",,,,,,,,,,,,,,,,,
,Oregon,2015,Aggregate,Aggregate,0.046436434,0.910841697,0.042721869,"5,956",,,,,,,,,,,,,,,,,
,Oregon,2014,Aggregate,Aggregate,0.046099453,0.918878659,0.035021887,"5,830",,,,,,,,,,,,,,,,,
,Oregon,2013,Aggregate,Aggregate,0.048689551,0.914073419,0.03723703,"4,496",,,,,,,,,,,,,,,,,
,Oregon,2012,Aggregate,Aggregate,0.04943741,0.920582731,0.02997986,"3,655",,,,,,,,,,,,,,,,,
,Pennsylvania,2016,Aggregate,Aggregate,0.037948338,0.910958403,0.051093259,"16,001",,,,,,,,,,,,,,,,,
,Pennsylvania,2015,Aggregate,Aggregate,0.035155366,0.916885576,0.047959057,"16,472",,,,,,,,,,,,,,,,,
,Pennsylvania,2014,Aggregate,Aggregate,0.03486186,0.90870857,0.05642957,"16,800",,,,,,,,,,,,,,,,,
,Pennsylvania,2013,Aggregate,Aggregate,0.035267579,0.911934002,0.052798419,"12,603",,,,,,,,,,,,,,,,,
,Pennsylvania,2012,Aggregate,Aggregate,0.027223898,0.927640759,0.045135343,"9,716",,,,,,,,,,,,,,,,,
,Rhode Island,2016,Aggregate,Aggregate,0.039664014,0.904012762,0.056323224,"1,235",,,,,,,,,,,,,,,,,
,Rhode Island,2015,Aggregate,Aggregate,0.038284616,0.885521207,0.076194176,"1,160",,,,,,,,,,,,,,,,,
,Rhode Island,2014,Aggregate,Aggregate,0.047055521,0.89655115,0.056393329,"1,255",,,,,,,,,,,,,,,,,
,Rhode Island,2013,Aggregate,Aggregate,0.032826323,0.901038024,0.066135653,929,,,,,,,,,,,,,,,,,
,Rhode Island,2012,Aggregate,Aggregate,0.045081929,0.891813133,0.063104938,735,,,,,,,,,,,,,,,,,
,South Carolina,2016,Aggregate,Aggregate,0.030177021,0.903081802,0.066741177,"5,487",,,,,,,,,,,,,,,,,
,South Carolina,2015,Aggregate,Aggregate,0.029142229,0.911449927,0.059407845,"5,679",,,,,,,,,,,,,,,,,
,South Carolina,2014,Aggregate,Aggregate,0.026092575,0.903660227,0.070247198,"5,430",,,,,,,,,,,,,,,,,
,South Carolina,2013,Aggregate,Aggregate,0.032487096,0.902943382,0.064569522,"4,232",,,,,,,,,,,,,,,,,
,South Carolina,2012,Aggregate,Aggregate,0.028963052,0.931077589,0.039959358,"3,370",,,,,,,,,,,,,,,,,
,South Dakota,2016,Aggregate,Aggregate,0.024915062,0.928837681,0.046247258,"1,085",,,,,,,,,,,,,,,,,
,South Dakota,2015,Aggregate,Aggregate,0.014493826,0.950175032,0.035331142,"1,075",,,,,,,,,,,,,,,,,
,South Dakota,2014,Aggregate,Aggregate,0.033296571,0.924912265,0.041791164,"1,107",,,,,,,,,,,,,,,,,
,South Dakota,2013,Aggregate,Aggregate,0.02874364,0.921574079,0.049682281,925,,,,,,,,,,,,,,,,,
,South Dakota,2012,Aggregate,Aggregate,0.043694603,0.921320845,0.034984552,722,,,,,,,,,,,,,,,,,
,Tennessee,2016,Aggregate,Aggregate,0.030598003,0.913446475,0.055955522,"8,421",,,,,,,,,,,,,,,,,
,Tennessee,2015,Aggregate,Aggregate,0.032136731,0.90816273,0.059700539,"8,629",,,,,,,,,,,,,,,,,
,Tennessee,2014,Aggregate,Aggregate,0.031734527,0.902339674,0.0659258,"8,381",,,,,,,,,,,,,,,,,
,Tennessee,2013,Aggregate,Aggregate,0.027376653,0.905293394,0.067329954,"6,097",,,,,,,,,,,,,,,,,
,Tennessee,2012,Aggregate,Aggregate,0.025902669,0.929913642,0.044183688,"4,889",,,,,,,,,,,,,,,,,
,Texas,2016,Aggregate,Aggregate,0.036436852,0.90245506,0.061108088,"26,845",,,,,,,,,,,,,,,,,
,Texas,2015,Aggregate,Aggregate,0.036253195,0.908009274,0.055737531,"26,504",,,,,,,,,,,,,,,,,
,Texas,2014,Aggregate,Aggregate,0.035344856,0.899607215,0.065047928,"25,535",,,,,,,,,,,,,,,,,
,Texas,2013,Aggregate,Aggregate,0.034518589,0.899948271,0.065533139,"18,618",,,,,,,,,,,,,,,,,
,Texas,2012,Aggregate,Aggregate,0.033424701,0.923995946,0.042579353,"13,314",,,,,,,,,,,,,,,,,
,Utah,2016,Aggregate,Aggregate,0.035833896,0.931549621,0.032616483,"4,117",,,,,,,,,,,,,,,,,
,Utah,2015,Aggregate,Aggregate,0.030722652,0.934152047,0.035125301,"4,232",,,,,,,,,,,,,,,,,
,Utah,2014,Aggregate,Aggregate,0.036432547,0.92499985,0.038567603,"4,174",,,,,,,,,,,,,,,,,
,Utah,2013,Aggregate,Aggregate,0.030066701,0.942231509,0.027701789,"3,093",,,,,,,,,,,,,,,,,
,Utah,2012,Aggregate,Aggregate,0.026589186,0.941312567,0.032098247,"2,726",,,,,,,,,,,,,,,,,
,Vermont,2016,Aggregate,Aggregate,0.052703554,0.911987272,0.035309173,"1,028",,,,,,,,,,,,,,,,,
,Vermont,2015,Aggregate,Aggregate,0.051533196,0.911260187,0.037206617,"1,172",,,,,,,,,,,,,,,,,
,Vermont,2014,Aggregate,Aggregate,0.048499803,0.90834813,0.043152067,"1,148",,,,,,,,,,,,,,,,,
,Vermont,2013,Aggregate,Aggregate,0.039177755,0.904685163,0.056137082,820,,,,,,,,,,,,,,,,,
,Vermont,2012,Aggregate,Aggregate,0.048597519,0.932886685,0.018515795,664,,,,,,,,,,,,,,,,,
,Virginia,2016,Aggregate,Aggregate,0.032519825,0.914493556,0.052986618,"10,167",,,,,,,,,,,,,,,,,
,Virginia,2015,Aggregate,Aggregate,0.036464078,0.907318125,0.056217797,"10,190",,,,,,,,,,,,,,,,,
,Virginia,2014,Aggregate,Aggregate,0.032599307,0.902896734,0.064503958,"9,837",,,,,,,,,,,,,,,,,
,Virginia,2013,Aggregate,Aggregate,0.03287869,0.903294287,0.063827024,"7,598",,,,,,,,,,,,,,,,,
,Virginia,2012,Aggregate,Aggregate,0.028847754,0.927350404,0.043801842,"6,323",,,,,,,,,,,,,,,,,
,Washington,2016,Aggregate,Aggregate,0.045788882,0.911565926,0.042645192,"8,912",,,,,,,,,,,,,,,,,
,Washington,2015,Aggregate,Aggregate,0.046260842,0.916411049,0.03732811,"8,870",,,,,,,,,,,,,,,,,
,Washington,2014,Aggregate,Aggregate,0.037634684,0.91527744,0.047087876,"8,732",,,,,,,,,,,,,,,,,
,Washington,2013,Aggregate,Aggregate,0.044766944,0.910505581,0.044727475,"7,171",,,,,,,,,,,,,,,,,
,Washington,2012,Aggregate,Aggregate,0.040134672,0.925903241,0.033962087,"5,990",,,,,,,,,,,,,,,,,
,West Virginia,2016,Aggregate,Aggregate,0.033053355,0.919906793,0.047039852,"2,158",,,,,,,,,,,,,,,,,
,West Virginia,2015,Aggregate,Aggregate,0.03389247,0.918547637,0.047559893,"2,477",,,,,,,,,,,,,,,,,
,West Virginia,2014,Aggregate,Aggregate,0.032249309,0.901788599,0.065962092,"2,564",,,,,,,,,,,,,,,,,
,West Virginia,2013,Aggregate,Aggregate,0.025815996,0.922338229,0.051845775,"1,808",,,,,,,,,,,,,,,,,
,West Virginia,2012,Aggregate,Aggregate,0.030729175,0.924842302,0.044428522,"1,410",,,,,,,,,,,,,,,,,
,Wisconsin,2016,Aggregate,Aggregate,0.033832947,0.922825674,0.043341378,"6,817",,,,,,,,,,,,,,,,,
,Wisconsin,2015,Aggregate,Aggregate,0.035187034,0.920330998,0.044481968,"7,261",,,,,,,,,,,,,,,,,
,Wisconsin,2014,Aggregate,Aggregate,0.033279437,0.911990459,0.054730104,"7,252",,,,,,,,,,,,,,,,,
,Wisconsin,2013,Aggregate,Aggregate,0.030960186,0.923955685,0.045084128,"5,492",,,,,,,,,,,,,,,,,
,Wisconsin,2012,Aggregate,Aggregate,0.027955153,0.929287177,0.04275767,"4,633",,,,,,,,,,,,,,,,,
,Wyoming,2016,Aggregate,Aggregate,0.034288888,0.933104412,0.0326067,"1,078",,,,,,,,,,,,,,,,,
,Wyoming,2015,Aggregate,Aggregate,0.035939057,0.910052239,0.054008704,"1,124",,,,,,,,,,,,,,,,,
,Wyoming,2014,Aggregate,Aggregate,0.037769464,0.898714448,0.063516088,"1,051",,,,,,,,,,,,,,,,,
,Wyoming,2013,Aggregate,Aggregate,0.025075208,0.937345867,0.037578925,778,,,,,,,,,,,,,,,,,
,Wyoming,2012,Aggregate,Aggregate,0.029158859,0.937121521,0.03371962,736,,,,,,,,,,,,,,,,,
,,,,,,,,,,,,,,,,,,,,,,,,,
,,,,,,,,,,,,,,,,,,,,,,,,,
,,,,,,,,,,,,,,,,,,,,,,,,,
,,,,,,,,,,,,,,,,,,,,,,,,,
,,,,,,,,,,,,,,,,,,,,,,,,,
,,,,,,,,,,,,,,,,,,,,,,,,,
,,,,,,,,,,,,,,,,,,,,,,,,,
,,,,,,,,,,,,,,,,,,,,,,,,,
,,,,,,,,,,,,,,,,,,,,,,,,,