﻿Table 12,,,,
"Agency Hate Crime Reporting by State, 2008",,,,
Participating state,"Number of
participating
agencies","Population
covered","Agencies
submitting incident
reports","Total number
of incidents
reported"
Total,"13,690","269,382,053","2,145","7,783"
Alabama,163,"2,802,524",5,11
Alaska,2,"286,625",2,8
Arizona,89,"6,438,728",26,185
Arkansas,260,"2,767,575",36,91
California,730,"36,756,666",269,"1,381"
Colorado,210,"4,803,326",48,149
Connecticut,101,"3,501,252",57,164
Delaware,54,"873,092",17,58
District of Columbia,2,"591,833",2,42
Florida,487,"18,235,592",72,153
Georgia,6,"554,193",2,9
Idaho,106,"1,519,264",12,30
Illinois,308,"8,048,213",44,120
Indiana,131,"3,062,775",17,61
Iowa,228,"2,974,039",15,33
Kansas,351,"2,311,956",48,113
Kentucky,315,"3,821,826",23,64
Louisiana,87,"2,445,629",10,67
Maine,134,"1,316,456",28,63
Maryland,158,"5,633,597",23,100
Massachusetts,351,"6,397,091",91,333
Michigan,590,"9,754,100",171,560
Minnesota,248,"4,304,347",48,164
Mississippi,60,"752,395",1,4
Missouri,630,"5,904,517",32,99
Montana,99,"957,438",12,24
Nebraska,193,"808,954",8,11
Nevada,34,"2,600,167",6,94
New Hampshire,144,"1,137,387",26,44
New Jersey,512,"8,676,494",202,744
New Mexico,49,"1,186,698",4,9
New York,339,"17,526,925",76,570
North Carolina,495,"9,128,679",46,124
North Dakota,80,"601,003",11,16
Ohio,545,"9,071,197",106,345
Oklahoma,303,"3,642,361",20,51
Oregon,166,"3,775,490",37,187
Pennsylvania,"1,241","12,275,966",31,68
Rhode Island,48,"1,050,788",14,35
South Carolina,480,"4,478,308",65,153
South Dakota,108,"687,383",8,42
Tennessee,461,"6,214,418",81,255
Texas,"1,000","24,305,393",69,246
Utah,117,"2,693,947",18,40
Vermont,82,"606,685",12,20
Virginia,407,"7,767,843",75,263
Washington,251,"6,538,142",61,239
West Virginia,294,"1,636,800",23,43
Wisconsin,379,"5,627,967",29,92
Wyoming,62,"528,009",6,6