﻿Table 12,,,,,,,,
"Agency Hate Crime Reporting by State, 2012",,,,,,,,
Participating state,"Number of
participating
agencies","Population
covered","Agencies
submitting
incident
reports","Total
number of
incidents
reported",,,,
Total,"13,022","248,809,710","1,730","5,796",,,,
Alabama,8,"141,235",1,6,,,,
Alaska,5,"315,266",1,6,,,,
Arizona,81,"5,974,180",22,176,,,,
Arkansas,265,"2,748,544",17,30,,,,
California,731,"37,933,751",247,910,,,,
Colorado,227,"5,109,141",50,189,,,,
Connecticut,101,"3,574,937",48,149,,,,
Delaware,57,"917,092",5,10,,,,
District of Columbia,2,"632,323",2,72,,,,
Florida,505,"19,224,398",69,144,,,,
Georgia,513,"7,696,372",5,21,,,,
Guam1,1,0,0,0,,,,
Idaho,108,"1,595,241",10,35,,,,
Illinois,711,"12,297,695",49,84,,,,
Indiana,112,"2,684,625",8,37,,,,
Iowa,219,"2,935,796",4,8,,,,
Kansas,350,"2,258,766",34,81,,,,
Kentucky,379,"3,653,352",86,194,,,,
Louisiana,58,"2,213,017",3,4,,,, 
Maine,149,"1,329,192",20,52,,,,
Maryland,154,"5,884,563",16,35,,,,
Massachusetts,304,"5,736,749",76,157,,,,
Michigan,592,"9,666,469",178,617,,,,
Minnesota,177,"3,834,480",27,72,,,,
Mississippi,53,"707,165",3,18,,,,
Missouri,636,"6,019,690",29,104,,,,
Montana,99,"995,410",13,36,,,,
Nebraska,69,"673,815",5,9,,,,
Nevada,4,"2,195,232",4,91,,,,
New Hampshire,152,"1,186,056",21,29,,,,
New Mexico,31,"223,466",1,2,,,,
New York,548,"19,222,847",73,715,,,,
North Carolina,523,"9,750,451",44,119,,,,
North Dakota,96,"689,607",14,41,,,,
Ohio,594,"9,841,632",104,257,,,,
Oklahoma,243,"1,363,283",18,21,,,,
Oregon,72,"2,015,920",24,52,,,,
Pennsylvania,"1,382","12,635,883",20,38,,,,
Rhode Island,47,"1,049,246",7,12,,,,
South Carolina,398,"4,714,086",68,148,,,,
South Dakota,113,"756,389",7,29,,,,
Tennessee,461,"6,456,188",80,317,,,,
Texas,65,"3,484,920",20,52,,,,
Utah,128,"2,799,874",36,102,,,,
Vermont,87,"622,979",6,12,,,,
Virginia,420,"8,185,867",46,134,,,,
Virgin Islands1,1,0,0,0,,,,
Washington,247,"6,890,640",69,272,,,,
West Virginia,285,"1,733,977",16,27,,,,
Wisconsin,400,"5,682,618",22,68,,,,
Wyoming,59,"555,285",2,2,,,,
1 The 2012 population estimates were not available at the time of publication.,,,,,,,,