﻿Table 12,,,,
"Agency Hate Crime Reporting by State, 2009",,,,
Participating state,"Number of
participating
agencies","Population
covered","Agencies
submitting incident
reports","Total number
of incidents
reported"
Total,"14,422","278,948,317","2,034","6,604"
Alabama,218,"3,211,336",6,9
Alaska,2,"289,884",2,9
Arizona,93,"6,506,963",25,219
Arkansas,256,"2,717,288",41,74
California,734,"36,961,664",254,"1,015"
Colorado,218,"4,952,740",55,208
Connecticut,102,"3,518,288",48,198
Delaware,55,"885,122",9,37
District of Columbia,2,"599,657",2,36
Florida,487,"18,445,281",64,130
Georgia,487,"7,791,562",5,11
Idaho,107,"1,543,741",10,35
Illinois,359,"8,493,832",53,129
Indiana,139,"3,735,359",17,55
Iowa,228,"2,979,710",12,18
Kansas,352,"2,195,030",62,122
Kentucky,347,"3,213,237",84,150
Louisiana,95,"2,613,140",9,13
Maine,149,"1,318,301",24,50
Maryland,156,"5,699,478",18,102
Massachusetts,309,"6,375,433",86,322
Michigan,604,"9,837,274",141,314
Minnesota,87,"2,563,655",31,153
Mississippi,61,"827,707",2,2
Missouri,621,"5,978,668",36,124
Montana,100,"968,253",14,28
Nebraska,190,"1,521,548",7,78
Nevada,31,"2,279,796",5,48
New Hampshire,151,"1,160,414",18,24
New Jersey,510,"8,695,567",175,549
New Mexico,49,"1,136,341",4,15
New York,515,"18,703,702",80,626
North Carolina,516,"9,378,135",42,103
North Dakota,87,"614,661",9,14
Ohio,588,"9,477,815",105,297
Oklahoma,314,"3,682,123",27,59
Oregon,73,"2,384,990",32,130
Pennsylvania,"1,299","12,538,883",22,46
Rhode Island,48,"1,053,209",13,36
South Carolina,475,"4,554,167",50,124
South Dakota,113,"724,778",11,42
Tennessee,462,"6,296,254",60,169
Texas,"1,020","24,770,372",64,165
Utah,123,"2,747,172",24,48
Vermont,82,"607,236",15,24
Virginia,413,"7,882,590",67,150
Washington,250,"6,651,663",52,208
West Virginia,291,"1,674,227",17,24
Wisconsin,391,"5,650,571",21,54
Wyoming,63,"539,500",4,8