﻿Table 12,,,,
"Agency Hate Crime Reporting by State, 2011",,,,
Participating state,"Number of
participating
agencies","Population
covered","Agencies
submitting
incident
reports","Total
number of
incidents
reported"
Total,"14,575","286,010,550","1,944","6,222"
Alabama,98,"2,285,487",50,83
Alaska,2,"304,924",1,8
Arizona,84,"6,225,041",26,192
Arkansas,259,"2,804,225",10,11
California,734,"37,691,912",257,"1,040"
Colorado,218,"4,992,496",57,186
Connecticut,102,"3,580,709",42,140
Delaware,56,"907,135",8,15
District of Columbia,2,"617,996",2,83
Florida,504,"18,945,433",58,123
Georgia,521,"8,600,353",8,17
Idaho,107,"1,583,018",12,33
Illinois,563,"9,959,109",39,69
Indiana,137,"3,701,222",17,100
Iowa,212,"2,904,419",12,15
Kansas,357,"2,426,569",34,67
Kentucky,374,"3,581,320",86,155
Louisiana,82,"2,448,022",5,5
Maine,149,"1,328,188",20,55
Maryland,156,"5,828,289",19,49
Massachusetts,308,"6,361,208",80,367
Michigan,564,"9,569,653",137,346
Minnesota,180,"3,992,533",44,148
Mississippi,54,"748,806",1,1
Missouri,633,"6,001,755",34,117
Montana,99,"988,577",9,23
Nebraska,185,"1,478,313",7,36
Nevada,13,"2,183,002",5,59
New Hampshire,151,"1,176,668",14,22
New Jersey,510,"8,819,533",162,508
New Mexico,40,"973,183",3,28
New York,561,"19,297,804",87,544
North Carolina,516,"9,655,664",49,112
North Dakota,94,"666,780",8,27
Ohio,588,"9,879,527",83,228
Oklahoma,319,"3,790,684",17,29
Oregon,75,"2,437,231",29,128
Pennsylvania,"1,372","12,565,359",20,53
Rhode Island,48,"1,051,302",5,20
South Carolina,341,"4,668,211",65,135
South Dakota,110,"731,246",7,21
Tennessee,463,"6,403,353",62,144
Texas,"1,027","25,629,269",57,152
Utah,125,"2,775,105",29,68
Vermont,84,"619,283",6,7
Virginia,408,"8,087,318",54,144
Virgin Islands1,1,,0,0
Washington,246,"6,822,528",69,213
West Virginia,281,"1,689,892",14,18
Wisconsin,399,"5,669,896",22,76
Wyoming,63,"561,000",2,2
1 The 2011 population estimates were not available for the Virgin Islands at the time of publication.,,,,